{
    "DATA": [
        {
            "WA": "4500000444|00000000|            |F"
        },
        {
            "WA": "4500000444|00000000|            |F"
        },
        {
            "WA": "4500000584|00000000|            |F"
        },
        {
            "WA": "4500000585|00000000|            |F"
        },
        {
            "WA": "4500000873|00000000|            |F"
        },
        {
            "WA": "4500000873|00000000|            |F"
        },
        {
            "WA": "4500000874|00000000|            |F"
        },
        {
            "WA": "4500000874|00000000|            |F"
        },
        {
            "WA": "4500000875|00000000|            |F"
        },
        {
            "WA": "4500000898|00000000|            |F"
        },
        {
            "WA": "4500000899|00000000|            |F"
        },
        {
            "WA": "4500000897|00000000|            |F"
        },
        {
            "WA": "4500000897|00000000|            |F"
        },
        {
            "WA": "4500000910|00000000|            |F"
        },
        {
            "WA": "4500000928|00000000|            |F"
        },
        {
            "WA": "4500000911|00000000|            |F"
        },
        {
            "WA": "4500000900|20200211|FIORI       |F"
        },
        {
            "WA": "4500000914|00000000|            |F"
        },
        {
            "WA": "4500000916|00000000|            |F"
        },
        {
            "WA": "4500000917|00000000|            |F"
        },
        {
            "WA": "4500000918|00000000|            |F"
        },
        {
            "WA": "4500000919|20200212|DEEPAMJ     |F"
        },
        {
            "WA": "4500000920|20200212|DEEPAMJ     |F"
        },
        {
            "WA": "4500000921|20200213|DEEPAMJ     |F"
        },
        {
            "WA": "4500000922|00000000|            |F"
        },
        {
            "WA": "4500000923|20200213|SDEBNATH    |F"
        },
        {
            "WA": "4500000926|20200219|DEEPAMJ     |F"
        },
        {
            "WA": "4500000926|00000000|            |F"
        },
        {
            "WA": "4500000902|20200226|VINEET      |F"
        },
        {
            "WA": "4500000929|20200227|DEEPAMJ     |F"
        },
        {
            "WA": "4500000930|20200227|DEEPAMJ     |F"
        },
        {
            "WA": "4500000936|20200321|FIORI1      |F"
        },
        {
            "WA": "4500000937|20200324|FIORI1      |F"
        },
        {
            "WA": "4500000936|00000000|            |F"
        },
        {
            "WA": "4500000938|20200326|FIORI1      |F"
        },
        {
            "WA": "4500000941|20200328|FIORI1      |F"
        },
        {
            "WA": "4500000944|20200330|FIORI1      |F"
        },
        {
            "WA": "4500000946|20200331|FIORI1      |F"
        },
        {
            "WA": "4500000947|20200331|FIORI1      |F"
        },
        {
            "WA": "4500000957|20200401|FIORI1      |F"
        },
        {
            "WA": "4500000959|20200401|FIORI1      |F"
        },
        {
            "WA": "4500000960|20200401|FIORI1      |F"
        },
        {
            "WA": "4500000961|20200401|DHANANJAY   |F"
        },
        {
            "WA": "4500000962|20200401|DHANANJAY   |F"
        },
        {
            "WA": "4500000964|20200401|DHANANJAY   |F"
        },
        {
            "WA": "4500000966|20200402|DHANANJAY   |F"
        },
        {
            "WA": "4500000969|20200402|DHANANJAY   |F"
        },
        {
            "WA": "4500000970|20200402|DHANANJAY   |F"
        },
        {
            "WA": "4500000971|20200402|DHANANJAY   |F"
        },
        {
            "WA": "4500000972|20200402|DHANANJAY   |F"
        },
        {
            "WA": "4500000960|00000000|            |F"
        },
        {
            "WA": "4500000973|20200402|FIORI1      |F"
        },
        {
            "WA": "4500000974|20200403|DHANANJAY   |F"
        },
        {
            "WA": "4500000975|20200403|DHANANJAY   |F"
        },
        {
            "WA": "4500000976|20200403|FIORI1      |F"
        },
        {
            "WA": "4500000977|20200403|DHANANJAY   |F"
        },
        {
            "WA": "4500000978|20200403|DHANANJAY   |F"
        },
        {
            "WA": "4500000979|20200403|FIORI1      |F"
        },
        {
            "WA": "4500000980|20200404|DHANANJAY   |F"
        },
        {
            "WA": "4500000981|20200406|FIORI1      |F"
        },
        {
            "WA": "4500000982|20200406|FIORI1      |F"
        },
        {
            "WA": "4500000983|20200406|DHANANJAY   |F"
        },
        {
            "WA": "4500000985|20200415|FIORI1      |F"
        },
        {
            "WA": "4500000982|00000000|            |F"
        },
        {
            "WA": "4500000100|20200418|FIORI1      |F"
        },
        {
            "WA": "4500000990|20200426|DEEPAMJ     |F"
        },
        {
            "WA": "4500000989|20200425|DEEPAMJ     |F"
        },
        {
            "WA": "4500000991|20200427|DEEPAMJ     |F"
        },
        {
            "WA": "4500001007|00000000|            |F"
        },
        {
            "WA": "4500000995|20200502|FIORI1      |F"
        },
        {
            "WA": "4500001026|00000000|            |F"
        },
        {
            "WA": "4500001037|00000000|            |F"
        },
        {
            "WA": "4500001038|00000000|            |F"
        },
        {
            "WA": "4500001039|00000000|            |F"
        },
        {
            "WA": "4500001043|00000000|            |F"
        },
        {
            "WA": "4500001044|00000000|            |F"
        },
        {
            "WA": "4500001049|00000000|            |F"
        },
        {
            "WA": "4500001052|00000000|            |F"
        },
        {
            "WA": "4500001053|00000000|            |F"
        },
        {
            "WA": "4500001071|00000000|            |F"
        },
        {
            "WA": "4500001072|00000000|            |F"
        },
        {
            "WA": "4500001076|00000000|            |F"
        },
        {
            "WA": "4500000289|00000000|            |F"
        },
        {
            "WA": "4500001087|00000000|            |F"
        },
        {
            "WA": "4500001090|00000000|            |F"
        },
        {
            "WA": "4500001090|00000000|            |F"
        },
        {
            "WA": "4500001091|00000000|            |F"
        },
        {
            "WA": "4500001092|00000000|            |F"
        },
        {
            "WA": "4500001092|00000000|            |F"
        },
        {
            "WA": "4500001106|00000000|            |F"
        },
        {
            "WA": "4500000031|00000000|            |F"
        },
        {
            "WA": "4500001108|00000000|            |F"
        },
        {
            "WA": "4500001121|00000000|            |F"
        },
        {
            "WA": "4500001147|00000000|            |F"
        },
        {
            "WA": "4500001148|00000000|            |F"
        },
        {
            "WA": "4500001149|00000000|            |F"
        },
        {
            "WA": "4500001150|00000000|            |F"
        },
        {
            "WA": "4500001151|00000000|            |F"
        },
        {
            "WA": "4500001152|00000000|            |F"
        },
        {
            "WA": "4500001153|00000000|            |F"
        },
        {
            "WA": "4500001156|00000000|            |F"
        },
        {
            "WA": "4500001157|00000000|            |F"
        },
        {
            "WA": "4500001158|00000000|            |F"
        },
        {
            "WA": "4500001180|00000000|            |F"
        },
        {
            "WA": "4500001181|00000000|            |F"
        },
        {
            "WA": "4500001185|00000000|            |F"
        },
        {
            "WA": "4500001186|00000000|            |F"
        },
        {
            "WA": "4500001188|00000000|            |F"
        },
        {
            "WA": "4500001189|00000000|            |F"
        },
        {
            "WA": "4500001190|00000000|            |F"
        },
        {
            "WA": "4500001195|00000000|            |F"
        },
        {
            "WA": "4500001199|00000000|            |F"
        },
        {
            "WA": "4500001200|00000000|            |F"
        },
        {
            "WA": "4500000824|00000000|            |F"
        },
        {
            "WA": "4500001208|00000000|            |F"
        },
        {
            "WA": "4500001209|00000000|            |F"
        },
        {
            "WA": "4500001215|00000000|            |F"
        },
        {
            "WA": "4500001223|00000000|            |F"
        },
        {
            "WA": "4500001230|00000000|            |F"
        },
        {
            "WA": "4500000446|00000000|            |F"
        },
        {
            "WA": "4500001249|20210504|FIORI1      |F"
        },
        {
            "WA": "4500001250|20210504|FIORI1      |F"
        },
        {
            "WA": "4500001250|20210504|FIORI1      |F"
        },
        {
            "WA": "4500001252|00000000|            |F"
        },
        {
            "WA": "4500001253|00000000|            |F"
        },
        {
            "WA": "4500001254|20210623|PWC-YG      |F"
        },
        {
            "WA": "4500001255|00000000|            |F"
        },
        {
            "WA": "4500001256|00000000|            |F"
        },
        {
            "WA": "4500001257|20210624|PWC-YG      |F"
        },
        {
            "WA": "4500001258|20210624|PWC-YG      |F"
        },
        {
            "WA": "4500001286|00000000|            |F"
        },
        {
            "WA": "4500001259|20210709|PWCPARIN    |F"
        },
        {
            "WA": "4500001298|20210722|PWCPARIN    |F"
        },
        {
            "WA": "4500001299|20210723|PWCPARIN    |F"
        },
        {
            "WA": "4500001300|20210723|PWCPARIN    |F"
        },
        {
            "WA": "4500001301|20210724|PWCIN2      |F"
        },
        {
            "WA": "4500001301|00000000|            |F"
        },
        {
            "WA": "4500001303|20210728|ABAP_1      |F"
        },
        {
            "WA": "4500001305|20210728|VARUNB      |F"
        },
        {
            "WA": "4500001308|20210729|PWCPARIN    |F"
        },
        {
            "WA": "4500001317|20210802|PWCPARIN    |F"
        },
        {
            "WA": "4500001317|00000000|            |F"
        },
        {
            "WA": "4500001342|00000000|            |F"
        },
        {
            "WA": "4500001342|20210821|RAHULM      |F"
        },
        {
            "WA": "4500001339|00000000|            |F"
        },
        {
            "WA": "4500001343|20210821|RAHULM      |F"
        },
        {
            "WA": "4500001343|00000000|            |F"
        },
        {
            "WA": "4500001344|00000000|            |F"
        },
        {
            "WA": "4500001345|00000000|            |F"
        },
        {
            "WA": "4500001346|20210821|RAHULM      |F"
        },
        {
            "WA": "4500001347|00000000|            |F"
        },
        {
            "WA": "4500001348|20210821|RAHULM      |F"
        },
        {
            "WA": "4500001349|20210821|RAHULM      |F"
        },
        {
            "WA": "4500001349|00000000|            |F"
        },
        {
            "WA": "4500001350|20210821|RAHULM      |F"
        },
        {
            "WA": "4500001352|00000000|            |F"
        },
        {
            "WA": "4500001351|20210821|RAHULM      |F"
        },
        {
            "WA": "4500001350|20210822|RAHULM      |F"
        },
        {
            "WA": "4500001353|20210822|RAHULM      |F"
        },
        {
            "WA": "4500001354|20210822|RAHULM      |F"
        },
        {
            "WA": "4500001355|20210822|RAHULM      |F"
        },
        {
            "WA": "4500001356|00000000|            |F"
        },
        {
            "WA": "4500001357|00000000|            |F"
        },
        {
            "WA": "4500001358|20210822|RAHULM      |F"
        },
        {
            "WA": "4500001370|20210827|RAHULM      |F"
        },
        {
            "WA": "4500001372|20210827|RAHULM      |F"
        },
        {
            "WA": "4500001403|20210911|RAHULM      |F"
        },
        {
            "WA": "4500001376|20210828|RAHULM      |F"
        },
        {
            "WA": "4500001377|20210828|RAHULM      |F"
        },
        {
            "WA": "4500001378|20210828|RAHULM      |F"
        },
        {
            "WA": "4500001379|20210828|RAHULM      |F"
        },
        {
            "WA": "4500001380|20210828|RAHULM      |F"
        },
        {
            "WA": "4500001381|20210828|RAHULM      |F"
        },
        {
            "WA": "4500001382|20210829|RAHULM      |F"
        },
        {
            "WA": "4500001383|20210829|RAHULM      |F"
        },
        {
            "WA": "4500001385|20210902|RAHULM      |F"
        },
        {
            "WA": "4500000076|20210903|RAHULM      |F"
        },
        {
            "WA": "4500000076|20210903|RAHULM      |F"
        },
        {
            "WA": "4500001395|20210905|RAHULM      |F"
        },
        {
            "WA": "4500001397|00000000|            |F"
        },
        {
            "WA": "4500001398|20210906|PWC_MM2     |F"
        },
        {
            "WA": "4500001401|20210911|RAHULM      |F"
        },
        {
            "WA": "4500001402|20210911|RAHULM      |F"
        },
        {
            "WA": "4500001375|00000000|            |F"
        },
        {
            "WA": "4500001404|20210911|RAHULM      |F"
        },
        {
            "WA": "4500001404|20210911|RAHULM      |F"
        },
        {
            "WA": "4500001404|20210913|RAHULM      |F"
        },
        {
            "WA": "4500001412|00000000|            |F"
        },
        {
            "WA": "4500001413|00000000|            |F"
        },
        {
            "WA": "4500001414|00000000|            |F"
        },
        {
            "WA": "4500001417|00000000|            |F"
        },
        {
            "WA": "4500001418|00000000|            |F"
        },
        {
            "WA": "4500001419|00000000|            |F"
        },
        {
            "WA": "4500001420|00000000|            |F"
        },
        {
            "WA": "4500001421|00000000|            |F"
        },
        {
            "WA": "4500001422|00000000|            |F"
        },
        {
            "WA": "4500001423|00000000|            |F"
        },
        {
            "WA": "4500001424|20211017|RAHULM      |F"
        },
        {
            "WA": "4500001427|00000000|            |F"
        },
        {
            "WA": "4500000830|00000000|            |F"
        },
        {
            "WA": "4500001428|20211102|NIKHIL_R_MM |F"
        },
        {
            "WA": "4500001429|00000000|            |F"
        },
        {
            "WA": "4500001431|20220117|JATIN       |F"
        },
        {
            "WA": "4500001432|20220120|FITRAINER   |F"
        },
        {
            "WA": "4500001433|20220124|JATIN       |F"
        },
        {
            "WA": "4500001434|20220208|JATIN       |F"
        },
        {
            "WA": "4500001438|20220221|KUNAL.V     |F"
        },
        {
            "WA": "4500001443|20220504|DEBIS       |F"
        },
        {
            "WA": "4500001444|00000000|            |F"
        },
        {
            "WA": "4500001445|00000000|            |F"
        },
        {
            "WA": "4500001476|20220707|PWCFUNC7    |F"
        },
        {
            "WA": "4500001491|00000000|            |F"
        },
        {
            "WA": "4500001544|00000000|            |F"
        },
        {
            "WA": "4500001563|20220923|KRISH01     |F"
        },
        {
            "WA": "4500001574|20220926|DEEPAMJ     |F"
        },
        {
            "WA": "4500001577|20220927|DEEPAMJ     |F"
        },
        {
            "WA": "4500001584|20220927|DEEPAMJ     |F"
        },
        {
            "WA": "4500001605|00000000|            |F"
        },
        {
            "WA": "4500001606|00000000|            |F"
        },
        {
            "WA": "4500001607|00000000|            |F"
        },
        {
            "WA": "4500001608|20221128|N.SHAIKH    |F"
        },
        {
            "WA": "4500001609|20221128|N.SHAIKH    |F"
        },
        {
            "WA": "4500001612|20221130|N.SHAIKH    |F"
        },
        {
            "WA": "4500001614|00000000|            |F"
        },
        {
            "WA": "4500001615|20221201|N.SHAIKH    |F"
        },
        {
            "WA": "4500001616|20221201|N.SHAIKH    |F"
        },
        {
            "WA": "4500001617|20221201|AMITT       |F"
        },
        {
            "WA": "4500001618|20221203|AMITT       |F"
        },
        {
            "WA": "4500001619|20221203|AMITT       |F"
        },
        {
            "WA": "4500001620|20221203|AMITT       |F"
        },
        {
            "WA": "4500001621|20221206|N.SHAIKH    |F"
        },
        {
            "WA": "4500001622|20221206|DIGVIJAYS   |F"
        },
        {
            "WA": "4500001623|20221206|DIGVIJAYS   |F"
        },
        {
            "WA": "4500001624|20221206|DIGVIJAYS   |F"
        },
        {
            "WA": "4500001625|20221206|DIGVIJAYS   |F"
        },
        {
            "WA": "4500001626|20221206|DIGVIJAYS   |F"
        },
        {
            "WA": "4500001627|20221206|DIGVIJAYS   |F"
        },
        {
            "WA": "4500001628|20221206|DIGVIJAYS   |F"
        },
        {
            "WA": "4500001629|20221208|DIGVIJAYS   |F"
        },
        {
            "WA": "4500001630|20221208|ABHISHEKU   |F"
        },
        {
            "WA": "4500001631|20221208|DIGVIJAYS   |F"
        },
        {
            "WA": "4500001632|20221209|N.SHAIKH    |F"
        },
        {
            "WA": "4500001633|20221210|AMITT       |F"
        },
        {
            "WA": "4500001634|20221212|ABHISHEKU   |F"
        },
        {
            "WA": "4500001635|20221212|ABHISHEKU   |F"
        },
        {
            "WA": "4500001634|00000000|            |F"
        },
        {
            "WA": "4500001665|20230205|ANSHULA     |F"
        },
        {
            "WA": "4500001669|20230205|PWCTRAINEE  |F"
        },
        {
            "WA": "4500001672|20230213|PWCABAP3    |F"
        },
        {
            "WA": "4500001677|00000000|            |F"
        }
    ],
    "FIELDS": [
        {
            "FIELDNAME": "EDOKN",
            "OFFSET": "000000",
            "LENGTH": "000010",
            "TYPE": "C",
            "FIELDTEXT": "Object Number in Purchasing"
        },
        {
            "FIELDNAME": "FGDAT",
            "OFFSET": "000011",
            "LENGTH": "000008",
            "TYPE": "D",
            "FIELDTEXT": "Date of release"
        },
        {
            "FIELDNAME": "FGNAM",
            "OFFSET": "000020",
            "LENGTH": "000012",
            "TYPE": "C",
            "FIELDTEXT": "Name of person effecting release"
        },
        {
            "FIELDNAME": "BSTYP",
            "OFFSET": "000033",
            "LENGTH": "000001",
            "TYPE": "C",
            "FIELDTEXT": "Purchasing Document Category"
        }
    ],
    "OPTIONS": []
}