[
    {
        "WA": "4500000444|            |00000000"
    },
    {
        "WA": "4500000444|            |00000000"
    },
    {
        "WA": "4500000584|            |00000000"
    },
    {
        "WA": "4500000585|            |00000000"
    },
    {
        "WA": "4500000873|            |00000000"
    },
    {
        "WA": "4500000873|            |00000000"
    },
    {
        "WA": "4500000874|            |00000000"
    },
    {
        "WA": "4500000874|            |00000000"
    },
    {
        "WA": "4500000875|            |00000000"
    },
    {
        "WA": "4500000898|            |00000000"
    },
    {
        "WA": "4500000899|            |00000000"
    },
    {
        "WA": "4500000897|            |00000000"
    },
    {
        "WA": "4500000897|            |00000000"
    },
    {
        "WA": "4500000910|            |00000000"
    },
    {
        "WA": "4500000928|            |00000000"
    },
    {
        "WA": "4500000911|            |00000000"
    },
    {
        "WA": "4500000900|FIORI       |20200211"
    },
    {
        "WA": "4500000914|            |00000000"
    },
    {
        "WA": "4500000916|            |00000000"
    },
    {
        "WA": "4500000917|            |00000000"
    },
    {
        "WA": "4500000918|            |00000000"
    },
    {
        "WA": "4500000919|DEEPAMJ     |20200212"
    },
    {
        "WA": "4500000920|DEEPAMJ     |20200212"
    },
    {
        "WA": "4500000921|DEEPAMJ     |20200213"
    },
    {
        "WA": "4500000922|            |00000000"
    },
    {
        "WA": "4500000923|SDEBNATH    |20200213"
    },
    {
        "WA": "4500000926|DEEPAMJ     |20200219"
    },
    {
        "WA": "4500000926|            |00000000"
    },
    {
        "WA": "4500000902|VINEET      |20200226"
    },
    {
        "WA": "4500000929|DEEPAMJ     |20200227"
    },
    {
        "WA": "4500000930|DEEPAMJ     |20200227"
    },
    {
        "WA": "4500000936|FIORI1      |20200321"
    },
    {
        "WA": "4500000937|FIORI1      |20200324"
    },
    {
        "WA": "4500000936|            |00000000"
    },
    {
        "WA": "4500000938|FIORI1      |20200326"
    },
    {
        "WA": "4500000941|FIORI1      |20200328"
    },
    {
        "WA": "4500000944|FIORI1      |20200330"
    },
    {
        "WA": "4500000946|FIORI1      |20200331"
    },
    {
        "WA": "4500000947|FIORI1      |20200331"
    },
    {
        "WA": "4500000957|FIORI1      |20200401"
    },
    {
        "WA": "4500000959|FIORI1      |20200401"
    },
    {
        "WA": "4500000960|FIORI1      |20200401"
    },
    {
        "WA": "4500000961|DHANANJAY   |20200401"
    },
    {
        "WA": "4500000962|DHANANJAY   |20200401"
    },
    {
        "WA": "4500000964|DHANANJAY   |20200401"
    },
    {
        "WA": "4500000966|DHANANJAY   |20200402"
    },
    {
        "WA": "4500000969|DHANANJAY   |20200402"
    },
    {
        "WA": "4500000970|DHANANJAY   |20200402"
    },
    {
        "WA": "4500000971|DHANANJAY   |20200402"
    },
    {
        "WA": "4500000972|DHANANJAY   |20200402"
    },
    {
        "WA": "4500000960|            |00000000"
    },
    {
        "WA": "4500000973|FIORI1      |20200402"
    },
    {
        "WA": "4500000974|DHANANJAY   |20200403"
    },
    {
        "WA": "4500000975|DHANANJAY   |20200403"
    },
    {
        "WA": "4500000976|FIORI1      |20200403"
    },
    {
        "WA": "4500000977|DHANANJAY   |20200403"
    },
    {
        "WA": "4500000978|DHANANJAY   |20200403"
    },
    {
        "WA": "4500000979|FIORI1      |20200403"
    },
    {
        "WA": "4500000980|DHANANJAY   |20200404"
    },
    {
        "WA": "4500000981|FIORI1      |20200406"
    },
    {
        "WA": "4500000982|FIORI1      |20200406"
    },
    {
        "WA": "4500000983|DHANANJAY   |20200406"
    },
    {
        "WA": "4500000985|FIORI1      |20200415"
    },
    {
        "WA": "4500000982|            |00000000"
    },
    {
        "WA": "4500000100|FIORI1      |20200418"
    },
    {
        "WA": "4500000990|DEEPAMJ     |20200426"
    },
    {
        "WA": "4500000989|DEEPAMJ     |20200425"
    },
    {
        "WA": "4500000991|DEEPAMJ     |20200427"
    },
    {
        "WA": "4500001007|            |00000000"
    },
    {
        "WA": "4500000995|FIORI1      |20200502"
    },
    {
        "WA": "4500001026|            |00000000"
    },
    {
        "WA": "4500001037|            |00000000"
    },
    {
        "WA": "4500001038|            |00000000"
    },
    {
        "WA": "4500001039|            |00000000"
    },
    {
        "WA": "4500001043|            |00000000"
    },
    {
        "WA": "4500001044|            |00000000"
    },
    {
        "WA": "4500001049|            |00000000"
    },
    {
        "WA": "4500001052|            |00000000"
    },
    {
        "WA": "4500001053|            |00000000"
    },
    {
        "WA": "4500001071|            |00000000"
    },
    {
        "WA": "4500001072|            |00000000"
    },
    {
        "WA": "4500001076|            |00000000"
    },
    {
        "WA": "4500000289|            |00000000"
    },
    {
        "WA": "4500001087|            |00000000"
    },
    {
        "WA": "4500001090|            |00000000"
    },
    {
        "WA": "4500001090|            |00000000"
    },
    {
        "WA": "4500001091|            |00000000"
    },
    {
        "WA": "4500001092|            |00000000"
    },
    {
        "WA": "4500001092|            |00000000"
    },
    {
        "WA": "4500001106|            |00000000"
    },
    {
        "WA": "4500000031|            |00000000"
    },
    {
        "WA": "4500001108|            |00000000"
    },
    {
        "WA": "4500001121|            |00000000"
    },
    {
        "WA": "4500001147|            |00000000"
    },
    {
        "WA": "4500001148|            |00000000"
    },
    {
        "WA": "4500001149|            |00000000"
    },
    {
        "WA": "4500001150|            |00000000"
    },
    {
        "WA": "4500001151|            |00000000"
    },
    {
        "WA": "4500001152|            |00000000"
    },
    {
        "WA": "4500001153|            |00000000"
    },
    {
        "WA": "4500001156|            |00000000"
    },
    {
        "WA": "4500001157|            |00000000"
    },
    {
        "WA": "4500001158|            |00000000"
    },
    {
        "WA": "4500001180|            |00000000"
    },
    {
        "WA": "4500001181|            |00000000"
    },
    {
        "WA": "4500001185|            |00000000"
    },
    {
        "WA": "4500001186|            |00000000"
    },
    {
        "WA": "4500001188|            |00000000"
    },
    {
        "WA": "4500001189|            |00000000"
    },
    {
        "WA": "4500001190|            |00000000"
    },
    {
        "WA": "4500001195|            |00000000"
    },
    {
        "WA": "4500001199|            |00000000"
    },
    {
        "WA": "4500001200|            |00000000"
    },
    {
        "WA": "4500000824|            |00000000"
    },
    {
        "WA": "4500001208|            |00000000"
    },
    {
        "WA": "4500001209|            |00000000"
    },
    {
        "WA": "4500001215|            |00000000"
    },
    {
        "WA": "4500001223|            |00000000"
    },
    {
        "WA": "4500001230|            |00000000"
    },
    {
        "WA": "4500000446|            |00000000"
    },
    {
        "WA": "4500001249|FIORI1      |20210504"
    },
    {
        "WA": "4500001250|FIORI1      |20210504"
    },
    {
        "WA": "4500001250|FIORI1      |20210504"
    },
    {
        "WA": "4500001252|            |00000000"
    },
    {
        "WA": "4500001253|            |00000000"
    },
    {
        "WA": "4500001254|PWC-YG      |20210623"
    },
    {
        "WA": "4500001255|            |00000000"
    },
    {
        "WA": "4500001256|            |00000000"
    },
    {
        "WA": "4500001257|PWC-YG      |20210624"
    },
    {
        "WA": "4500001258|PWC-YG      |20210624"
    },
    {
        "WA": "4500001286|            |00000000"
    },
    {
        "WA": "4500001259|PWCPARIN    |20210709"
    },
    {
        "WA": "4500001298|PWCPARIN    |20210722"
    },
    {
        "WA": "4500001299|PWCPARIN    |20210723"
    },
    {
        "WA": "4500001300|PWCPARIN    |20210723"
    },
    {
        "WA": "4500001301|PWCIN2      |20210724"
    },
    {
        "WA": "4500001301|            |00000000"
    },
    {
        "WA": "4500001303|ABAP_1      |20210728"
    },
    {
        "WA": "4500001305|VARUNB      |20210728"
    },
    {
        "WA": "4500001308|PWCPARIN    |20210729"
    },
    {
        "WA": "4500001317|PWCPARIN    |20210802"
    },
    {
        "WA": "4500001317|            |00000000"
    },
    {
        "WA": "4500001342|            |00000000"
    },
    {
        "WA": "4500001342|RAHULM      |20210821"
    },
    {
        "WA": "4500001339|            |00000000"
    },
    {
        "WA": "4500001343|RAHULM      |20210821"
    },
    {
        "WA": "4500001343|            |00000000"
    },
    {
        "WA": "4500001344|            |00000000"
    },
    {
        "WA": "4500001345|            |00000000"
    },
    {
        "WA": "4500001346|RAHULM      |20210821"
    },
    {
        "WA": "4500001347|            |00000000"
    },
    {
        "WA": "4500001348|RAHULM      |20210821"
    },
    {
        "WA": "4500001349|RAHULM      |20210821"
    },
    {
        "WA": "4500001349|            |00000000"
    },
    {
        "WA": "4500001350|RAHULM      |20210821"
    },
    {
        "WA": "4500001352|            |00000000"
    },
    {
        "WA": "4500001351|RAHULM      |20210821"
    },
    {
        "WA": "4500001350|RAHULM      |20210822"
    },
    {
        "WA": "4500001353|RAHULM      |20210822"
    },
    {
        "WA": "4500001354|RAHULM      |20210822"
    },
    {
        "WA": "4500001355|RAHULM      |20210822"
    },
    {
        "WA": "4500001356|            |00000000"
    },
    {
        "WA": "4500001357|            |00000000"
    },
    {
        "WA": "4500001358|RAHULM      |20210822"
    },
    {
        "WA": "4500001370|RAHULM      |20210827"
    },
    {
        "WA": "4500001372|RAHULM      |20210827"
    },
    {
        "WA": "4500001403|RAHULM      |20210911"
    },
    {
        "WA": "4500001376|RAHULM      |20210828"
    },
    {
        "WA": "4500001377|RAHULM      |20210828"
    },
    {
        "WA": "4500001378|RAHULM      |20210828"
    },
    {
        "WA": "4500001379|RAHULM      |20210828"
    },
    {
        "WA": "4500001380|RAHULM      |20210828"
    },
    {
        "WA": "4500001381|RAHULM      |20210828"
    },
    {
        "WA": "4500001382|RAHULM      |20210829"
    },
    {
        "WA": "4500001383|RAHULM      |20210829"
    },
    {
        "WA": "4500001385|RAHULM      |20210902"
    },
    {
        "WA": "4500000076|RAHULM      |20210903"
    },
    {
        "WA": "4500000076|RAHULM      |20210903"
    },
    {
        "WA": "4500001395|RAHULM      |20210905"
    },
    {
        "WA": "4500001397|            |00000000"
    },
    {
        "WA": "4500001398|PWC_MM2     |20210906"
    },
    {
        "WA": "4500001401|RAHULM      |20210911"
    },
    {
        "WA": "4500001402|RAHULM      |20210911"
    },
    {
        "WA": "4500001375|            |00000000"
    },
    {
        "WA": "4500001404|RAHULM      |20210911"
    },
    {
        "WA": "4500001404|RAHULM      |20210911"
    },
    {
        "WA": "4500001404|RAHULM      |20210913"
    },
    {
        "WA": "4500001412|            |00000000"
    },
    {
        "WA": "4500001413|            |00000000"
    },
    {
        "WA": "4500001414|            |00000000"
    },
    {
        "WA": "4500001417|            |00000000"
    },
    {
        "WA": "4500001418|            |00000000"
    },
    {
        "WA": "4500001419|            |00000000"
    },
    {
        "WA": "4500001420|            |00000000"
    },
    {
        "WA": "4500001421|            |00000000"
    },
    {
        "WA": "4500001422|            |00000000"
    },
    {
        "WA": "4500001423|            |00000000"
    },
    {
        "WA": "4500001424|RAHULM      |20211017"
    },
    {
        "WA": "4500001427|            |00000000"
    },
    {
        "WA": "4500000830|            |00000000"
    },
    {
        "WA": "4500001428|NIKHIL_R_MM |20211102"
    },
    {
        "WA": "4500001429|            |00000000"
    },
    {
        "WA": "4500001431|JATIN       |20220117"
    },
    {
        "WA": "4500001432|FITRAINER   |20220120"
    },
    {
        "WA": "4500001433|JATIN       |20220124"
    },
    {
        "WA": "4500001434|JATIN       |20220208"
    },
    {
        "WA": "4500001438|KUNAL.V     |20220221"
    },
    {
        "WA": "4500001443|DEBIS       |20220504"
    },
    {
        "WA": "4500001444|            |00000000"
    },
    {
        "WA": "4500001445|            |00000000"
    },
    {
        "WA": "4500001476|PWCFUNC7    |20220707"
    },
    {
        "WA": "4500001491|            |00000000"
    },
    {
        "WA": "4500001544|            |00000000"
    },
    {
        "WA": "4500001563|KRISH01     |20220923"
    },
    {
        "WA": "4500001574|DEEPAMJ     |20220926"
    },
    {
        "WA": "4500001577|DEEPAMJ     |20220927"
    },
    {
        "WA": "4500001584|DEEPAMJ     |20220927"
    },
    {
        "WA": "4500001605|            |00000000"
    },
    {
        "WA": "4500001606|            |00000000"
    },
    {
        "WA": "4500001607|            |00000000"
    },
    {
        "WA": "4500001608|N.SHAIKH    |20221128"
    },
    {
        "WA": "4500001609|N.SHAIKH    |20221128"
    },
    {
        "WA": "4500001612|N.SHAIKH    |20221130"
    },
    {
        "WA": "4500001614|            |00000000"
    },
    {
        "WA": "4500001615|N.SHAIKH    |20221201"
    },
    {
        "WA": "4500001616|N.SHAIKH    |20221201"
    },
    {
        "WA": "4500001617|AMITT       |20221201"
    },
    {
        "WA": "4500001618|AMITT       |20221203"
    },
    {
        "WA": "4500001619|AMITT       |20221203"
    },
    {
        "WA": "4500001620|AMITT       |20221203"
    },
    {
        "WA": "4500001621|N.SHAIKH    |20221206"
    },
    {
        "WA": "4500001622|DIGVIJAYS   |20221206"
    },
    {
        "WA": "4500001623|DIGVIJAYS   |20221206"
    },
    {
        "WA": "4500001624|DIGVIJAYS   |20221206"
    },
    {
        "WA": "4500001625|DIGVIJAYS   |20221206"
    },
    {
        "WA": "4500001626|DIGVIJAYS   |20221206"
    },
    {
        "WA": "4500001627|DIGVIJAYS   |20221206"
    },
    {
        "WA": "4500001628|DIGVIJAYS   |20221206"
    },
    {
        "WA": "4500001629|DIGVIJAYS   |20221208"
    },
    {
        "WA": "4500001630|ABHISHEKU   |20221208"
    },
    {
        "WA": "4500001631|DIGVIJAYS   |20221208"
    },
    {
        "WA": "4500001632|N.SHAIKH    |20221209"
    },
    {
        "WA": "4500001633|AMITT       |20221210"
    },
    {
        "WA": "4500001634|ABHISHEKU   |20221212"
    },
    {
        "WA": "4500001635|ABHISHEKU   |20221212"
    },
    {
        "WA": "4500001634|            |00000000"
    },
    {
        "WA": "4500001665|ANSHULA     |20230205"
    },
    {
        "WA": "4500001669|PWCTRAINEE  |20230205"
    },
    {
        "WA": "4500001672|PWCABAP3    |20230213"
    },
    {
        "WA": "4500001677|            |00000000"
    }
]